id,x,y,battery,radio
100001,0.0,0.0,100.0,10.0
100002,10.0,10.0,60.0,20.0
100003,20.0,20.0,50.0,30.0
100004,50.0,50.0,85.0,40.0
100005,331.09661372695876,433.2278499462429,100.0,200.0
100006,569.726927910721,116.8249638724817,100.0,200.0
100006,379.84666685552816,84.37228830956694,100.0,200.0